Rule Name,Category,Value,Description,Implementation Status
Precise,Combat - Hit Modifier,No,"+1 to hit rolls with this weapon.",Implemented
Reliable,Combat - Hit Modifier,No,"Attacks with this weapon always hit on 2+.",Implemented
Rending,Combat - Hit Modifier,No,"Unmodified rolls of 6 to hit get AP(4) and bypass regeneration.",Implemented
Blast,Combat - Hit Multiplier,X,"Multiply the number of hits by X.",Implemented
Deadly,Combat - Wound Multiplier,X,"Multiply the number of wounds by X.",Implemented
Poison,Combat - Defense,No,"Enemy must re-roll successful defense rolls of 6.",Implemented
Bane,Combat - Defense,No,"Attacks bypass regeneration and force defense re-rolls on 6.",Implemented
AP,Combat - Defense,X,"Reduces enemy Defense by X (minimum 6+).",Implemented
Lance,Combat - AP Modifier,No,"+2 AP when charging in melee.",Implemented
Impact,Combat - Extra Attacks,X,"Get X extra attacks that hit on 2+ when charging (then roll defense with AP(1)).",Implemented
Surge,Combat - Hit Bonus,No,"Unmodified rolls of 6 to hit deal 1 extra hit.",Implemented
Thrust,Combat - Charge Bonus,No,"+1 to hit and AP(+1) when charging in melee.",Implemented
Regeneration,Defense,No,"5+ to ignore each wound (after defense roll).",Implemented
Tough,Defense,X,"Takes X wounds to kill each model instead of 1.",Implemented
Stealth,Defense - Hit Modifier,No,"-1 to be hit when shot at from more than 9"" away.",Implemented
Protected,Defense,No,"On 6+, reduce AP of incoming attacks by half (round up).",Implemented
Shielded,Defense,No,"+1 to defense rolls vs non-spell attacks.",Implemented
ShieldWall,Defense,No,"+1 to defense rolls in melee.",Implemented
Resistance,Defense,No,"6+ to ignore wounds (after regeneration).",Implemented
Relentless,Combat - Hit Bonus,No,"When shooting at enemies over 9"" away, unmodified 6s to hit deal 1 extra hit.",Implemented
Furious,Combat - Hit Bonus,No,"When charging, unmodified 6s to hit deal 1 extra hit.",Implemented
PointBlankSurge,Combat - Hit Bonus,No,"When shooting at enemies within 9"", unmodified 6s to hit deal 1 extra hit.",Implemented
PredatorFighter,Combat - Hit Bonus,No,"In melee, unmodified 6s to hit generate additional attacks (recursive).",Implemented
Rupture,Combat - Wound Bonus,No,"Bypasses regeneration. Unmodified 6s to hit deal +1 wound.",Implemented
Shred,Combat - Wound Bonus,No,"Unmodified 1s on defense rolls deal +1 wound.",Implemented
Smash,Combat - Wound Bonus,No,"Bypasses regeneration. Gets +Blast(3) vs targets with Defense 5+ or 6+.",Implemented
Takedown,Combat - Targeting,No,"Pick a specific target model. Resolve wounds as if targeting a unit of 1.",Implemented
SelfDestruct,Combat - Retaliation,X,"When killed in melee, deal X automatic hits to the attacker.",Implemented
Fast,Movement,No,"+2"" Advance, +4"" Rush/Charge movement.",Implemented
Slow,Movement,No,"-2"" to all movement.",Implemented
Flying,Movement,No,"Can fly over terrain and other units.",Implemented
Strider,Movement,No,"Ignores difficult terrain penalties.",Implemented
Agile,Movement,No,"+1"" Advance, +2"" Rush/Charge movement.",Implemented
RapidCharge,Movement,No,"+4"" to charge distance.",Implemented
Fearless,Morale,No,"Re-roll failed morale tests.",Implemented
NoRetreat,Morale,No,"Cannot be shaken or routed. Take wounds instead of fleeing.",Implemented
MoraleBoost,Morale,No,"+1 to morale test rolls.",Implemented
HoldTheLine,Morale,No,"Re-roll failed morale tests.",Implemented
Fear,Morale,X,"Counts as having dealt +X wounds in melee for morale purposes.",Implemented
GoodShot,Combat - Hit Modifier,No,"+1 to hit when shooting.",Implemented
BadShot,Combat - Hit Modifier,No,"-1 to hit when shooting.",Implemented
VersatileAttack,Combat - Choice,No,"Before attacking, roll D6: 1-3 = AP+1, 4-6 = +1 to hit.",Implemented
Purge,Combat - Hit Modifier,No,"+1 to hit against targets with Tough(3+).",Implemented
PiercingAssault,Combat - AP Modifier,No,"When charging in melee, attacks have at least AP(1).",Implemented
MeleeEvasion,Defense - Hit Modifier,No,"-1 to be hit in melee.",Implemented
MeleeShrouding,Defense - Hit Modifier,No,"-1 to be hit in melee.",Implemented
RangedShrouding,Defense - Hit Modifier,No,"-1 to be hit when shot at.",Implemented
BaneInMelee,Combat - Defense,No,"All melee attacks have Bane (bypass regen, force re-roll 6s).",Implemented
Limited,Combat - Restriction,No,"Weapon may only be used once per game.",Implemented
Counter,Combat - Initiative,No,"Strikes first when charged (before the charging unit).",Implemented
HitAndRun,Movement,No,"May retreat D3"" after fighting in melee.",Implemented
Indirect,Combat - Hit Modifier,No,"-1 to hit when shooting after moving. Ignores cover and can target units not in line of sight.",Implemented
Sniper,Combat - Targeting,No,"Pick a specific target model when shooting.",Implemented
Lock_On,Combat - Hit Modifier,No,"+1 to hit vs vehicles.",Implemented
Hero,Defense - Wound Allocation,No,"Takes wounds last in the unit (after all other models).",Implemented
Unstoppable,Combat - Modifier,No,"Ignores regeneration and all negative hit modifiers on this weapon.",Implemented
Scout,Deployment,No,"Deploy up to 12"" further forward than normal deployment zone.",Implemented
Ambush,Deployment,No,"Set aside in reserve. Deploy after round 1, at least 9"" from enemies. Cannot contest objectives on deployment round.",Implemented
Immobile,Movement - Restriction,No,"May only use Hold actions (cannot Advance, Rush, or Charge).",Implemented
Devout,Faction,No,"Faction-specific rule.",Implemented
Battleborn,Morale,No,"At the start of each round, roll 4+: stop being Shaken.",Implemented
Casting,Spells,X,"Can cast X spells per activation.",Partial
Furious Aura,Aura - Combat,No,"This model and its unit get Furious (extra hits on 6s when charging).",Implemented (maps to Furious)
Relentless Aura,Aura - Combat,No,"This model and its unit get Relentless (extra hits on 6s when shooting >9"").",Implemented (maps to Relentless)
Fearless Aura,Aura - Morale,No,"This model and its unit get Fearless (re-roll failed morale).",Implemented (maps to Fearless)
Regeneration Aura,Aura - Defense,No,"This model and its unit get Regeneration (5+ to ignore wounds).",Implemented (maps to Regeneration)
Stealth Aura,Aura - Defense,No,"This model and its unit get Stealth (-1 to be hit from >9"").",Implemented (maps to Stealth)
Shielded Aura,Aura - Defense,No,"This model and its unit get Shielded (+1 defense vs non-spell).",Implemented (maps to Shielded)
Counter-Attack Aura,Aura - Combat,No,"This model and its unit get Counter (strike first when charged).",Implemented (maps to Counter)
Ambush Aura,Aura - Deployment,No,"This model and its unit get Ambush (reserve deployment).",Implemented (maps to Ambush)
Scout Aura,Aura - Deployment,No,"This model and its unit get Scout (deploy 12"" forward).",Implemented (maps to Scout)
Strider Aura,Aura - Movement,No,"This model and its unit get Strider (ignore difficult terrain).",Implemented (maps to Strider)
Bane in Melee Aura,Aura - Combat,No,"This model and its unit get Bane in melee attacks.",Implemented (maps to Bane)
Bane when Shooting Aura,Aura - Combat,No,"This model and its unit get Bane in shooting attacks.",Implemented (maps to Bane)
Rending in Melee Aura,Aura - Combat,No,"This model and its unit get Rending in melee attacks.",Implemented (maps to Rending)
Rending when Shooting Aura,Aura - Combat,No,"This model and its unit get Rending in shooting attacks.",Implemented (maps to Rending)
Shred in Melee Aura,Aura - Combat,No,"This model and its unit get Shred in melee attacks.",Implemented (maps to Shred)
Shred when Shooting Aura,Aura - Combat,No,"This model and its unit get Shred in shooting attacks.",Implemented (maps to Shred)
No Retreat Aura,Aura - Morale,No,"This model and its unit get No Retreat (cannot flee).",Implemented (maps to NoRetreat)
Resistance Aura,Aura - Defense,No,"This model and its unit get Resistance (6+ ignore wounds).",Implemented (maps to Resistance)
Melee Evasion Aura,Aura - Defense,No,"This model and its unit get Melee Evasion (-1 to be hit in melee).",Implemented (maps to MeleeEvasion)
Melee Shrouding Aura,Aura - Defense,No,"This model and its unit get Melee Shrouding (-1 to be hit in melee).",Implemented (maps to MeleeShrouding)
Ranged Shrouding Aura,Aura - Defense,No,"This model and its unit get Ranged Shrouding (-1 to be hit when shot).",Implemented (maps to RangedShrouding)
Piercing Assault Aura,Aura - Combat,No,"This model and its unit get Piercing Assault (AP(1) on charge).",Implemented (maps to PiercingAssault)
Hit & Run Fighter Aura,Aura - Movement,No,"This model and its unit get Hit & Run (retreat after melee).",Implemented (maps to HitAndRun)
Thrust in Melee Aura,Aura - Combat,No,"This model and its unit get Thrust (+1 hit/AP when charging).",Implemented (maps to Thrust)
Unstoppable in Melee Aura,Aura - Combat,No,"This model and its unit get Unstoppable in melee (ignores regen and negative modifiers).",Implemented (maps to Unstoppable)
Unstoppable when Shooting Aura,Aura - Combat,No,"This model and its unit get Unstoppable when shooting (ignores regen and negative modifiers).",Implemented (maps to Unstoppable)
Rapid Charge Aura,Aura - Movement,No,"This model and its unit move +4"" when using Charge actions.",Implemented (maps to RapidCharge)
Fast Aura,Aura - Movement,No,"This model and its unit move +2"" Advance and +4"" Rush/Charge.",Implemented (maps to Fast)
Ignores Cover Aura,Aura - Combat,No,"This model and its unit ignore cover when shooting.",Implemented (maps to Indirect)
Ignores Cover when Shooting Aura,Aura - Combat,No,"This model and its unit ignore cover when shooting.",Implemented (maps to Indirect)
Indirect when Shooting Aura,Aura - Combat,No,"This model and its unit get Indirect when shooting.",Implemented (maps to Indirect)
Precision Shooter Aura,Aura - Combat,No,"This model and its unit get +1 to hit rolls when shooting.",Implemented (maps to GoodShot)
Evasive,Defense - Hit Modifier,No,"Enemies always get -1 to hit against this unit.",Implemented
Steadfast,Morale,No,"At the start of each round, roll 4+ to stop being Shaken.",Implemented
Swift,Movement,No,"Ignores the Slow rule.",Implemented
Ferocious,Combat - Hit Bonus,No,"Unmodified 6s to hit generate an extra hit (unit rule).",Implemented
Lacerate,Combat - Defense,No,"Defender must reroll successful defense rolls of 6.",Implemented
Mischievous,Combat - Defense,No,"Defender must reroll successful defense rolls of 6.",Implemented
Scrapper,Combat - Defense,No,"Defender must reroll successful defense rolls of 6.",Implemented
Bash,Combat - Conditional,No,"Gains Blast(3) vs targets with Defense 5+ or 6+.",Implemented
Thrash,Combat - Conditional,No,"Gains Blast(3) vs targets with Defense 5+ or 6+.",Implemented
Crack,Combat - Conditional,No,"Unmodified 6s to hit gain AP(+2).",Implemented
Destructive,Combat - Conditional,No,"Unmodified 6s to hit gain AP(+4).",Implemented
Fracture,Combat - Conditional,No,"Unmodified 6s to hit gain AP(+2). Ignores cover.",Implemented
Break,Combat - Conditional,No,"Unmodified 6s to hit gain AP(+2). Bypasses regeneration.",Implemented
Slash,Combat - Conditional,No,"Unmodified 6s to hit generate an extra hit. Ignores cover.",Implemented
Butcher,Combat - Conditional,No,"Unmodified 6s to hit generate an extra hit. Bypasses regeneration.",Implemented
Slam,Combat - Conditional,No,"Unmodified defense roll of 1 causes extra wound. Ignores cover.",Implemented
Quake,Combat - Conditional,No,"Unmodified defense roll of 1 causes extra wound. Bypasses regeneration.",Implemented
Tear,Combat - Conditional,No,"Gains AP(+4) against targets with Tough(3-9).",Implemented
Scratch,Combat - Conditional,No,"Gains AP(+2) against targets with Tough(3-9).",Implemented
Puncture,Combat - Conditional,No,"Gains AP(+4) vs Tough(3-9). Bypasses regeneration.",Implemented
Shatter,Combat - Conditional,No,"Gains AP(+2) vs Tough(3-9). Bypasses regeneration.",Implemented
Demolish,Combat - Conditional,No,"Gains AP(+2) vs Tough(3-9). Ignores cover.",Implemented
Impale,Combat - Conditional,No,"Gains Deadly(+3) against targets with Tough(3-9).",Implemented
Skewer,Combat - Conditional,No,"Gains Deadly(+3) vs Tough(3-9). Ignores cover.",Implemented
Reap,Combat - Conditional,No,"Gains AP(+2) against targets with Defense 2-3+.",Implemented
Disintegrate,Combat - Conditional,No,"Gains AP(+2) vs Defense 2-3+. Bypasses regeneration.",Implemented
Decimate,Combat - Conditional,No,"Gains AP(+2) vs Defense 2-3+. Ignores cover.",Implemented
Fragment,Combat - Conditional,No,"Gains AP(+1) vs Defense 2-4+. Ignores cover.",Implemented
Wreck,Combat - Conditional,No,"Force reroll of defense 6s. Ignores cover.",Implemented
Lustbound,Movement,No,"Gains +1\" to Advance and +3\" to Rush/Charge.",Implemented
Highborn,Movement,No,"Gains +2\" to Advance and +2\" to Rush/Charge.",Implemented
Scurry,Movement,No,"Gains +2\" to Advance and +2\" to Rush/Charge.",Implemented
Darkborn,Movement,No,"Gains +3\" to weapon range and +3\" to Charge.",Implemented
HitAndRunShooter,Movement,No,"Can move 3\" after shooting.",Implemented
Evasive Aura,Aura - Defense,No,"This model and its unit get Evasive (-1 to be hit always).",Implemented (maps to Evasive)
Steadfast Aura,Aura - Morale,No,"This model and its unit get Steadfast (4+ to rally).",Implemented (maps to Steadfast)
Ferocious Aura,Aura - Combat,No,"This model and its unit get Ferocious (extra hit on 6s).",Implemented (maps to Ferocious)
Lacerate Aura,Aura - Combat,No,"This model and its unit get Lacerate (reroll defense 6s).",Implemented (maps to Lacerate)
Scurry Aura,Aura - Movement,No,"This model and its unit get Scurry (+2\" Adv/Rush/Charge).",Implemented (maps to Scurry)
Darkborn Aura,Aura - Movement,No,"This model and its unit get Darkborn (+3\" range/charge).",Implemented (maps to Darkborn)
